stock_id,year,brand,model,trim,segment,condition,price_usd,mileage,powertrain,mpg_combined,ev_range_miles,horsepower,awd,seats,cargo_cuft,exterior_color,interior,features,dealer_city,distance_miles,accident_free,previous_owners,warranty_months_remaining,days_on_market,dealer_discount_usd
STK-100000,2026,Aster,Vela,Touring,Midsize SUV,New,45416,0,Gasoline,27,,285,True,7,41.2,Midnight Blue,Gray Cloth,adaptive cruise | head-up display | 360 camera | tow package | panoramic roof | wireless phone integration,Stonebrook,41,True,0,48,78,757
STK-100001,2025,Drift,Pulse,Premium,Electric Hatchback,Used,34262,10966,Electric,,246,211,False,5,23.0,Sandstone,Black Cloth,premium audio | wireless phone integration | heated seats | 360 camera | adaptive cruise,Lakeview,21,True,1,34,45,0
STK-100002,2021,Aster,Vela,Sport,Midsize SUV,Used,26199,55921,Gasoline,27,,310,True,7,41.2,Silver Mist,Tan Leather,360 camera | adaptive cruise | ventilated seats | panoramic roof,Stonebrook,45,True,2,0,13,0
STK-100003,2026,Cinder,Solis,Tech,Electric Crossover,New,49654,0,Electric,,304,280,False,5,32.6,Graphite,Gray Cloth,lane centering | ventilated seats | heated seats | head-up display,Northpoint,12,True,0,48,49,95
STK-100004,2022,Cinder,Solis,Core,Electric Crossover,Used,25929,36645,Electric,,304,275,False,5,32.6,Glacier White,Tan Leather,360 camera | ventilated seats | premium audio | head-up display,Westhaven,24,True,2,4,59,288
STK-100005,2023,Cinder,Terra,Tech,Adventure SUV,Used,35560,20443,Gasoline,23,,335,True,5,36.8,Forest Green,Black Leather,360 camera | adaptive cruise | head-up display | tow package | premium audio | panoramic roof,Lakeview,12,True,1,19,49,144
STK-100006,2023,Aster,Lumen,Tech,Compact SUV,Used,27610,35598,Hybrid,42,,201,True,5,29.4,Forest Green,Black Cloth,panoramic roof | heated seats | adaptive cruise | premium audio,Westhaven,19,True,1,20,23,0
STK-100007,2022,Cinder,Terra,Tech,Adventure SUV,Used,30539,32341,Gasoline,23,,335,True,5,36.8,Sandstone,Tan Leather,head-up display | premium audio | tow package,Lakeview,18,True,1,0,107,1523
STK-100008,2022,Brio,Nova,Sport,Compact Sedan,Used,20255,38199,Hybrid,49,,203,False,5,15.8,Sandstone,Charcoal Vegan Leather,heated seats | head-up display | lane centering,Northpoint,11,True,1,5,28,0
STK-100009,2021,Drift,Pulse,Premium,Electric Hatchback,Used,19629,41525,Electric,,246,211,True,5,23.0,Crimson,Black Cloth,ventilated seats | 360 camera | premium audio | adaptive cruise,Pine Ridge,28,True,1,0,1,0
STK-100010,2022,Aster,Lumen,Sport,Compact SUV,Used,23652,39659,Hybrid,42,,221,True,5,29.4,Crimson,Black Leather,head-up display | ventilated seats | panoramic roof,Lakeview,18,True,1,4,13,0
STK-100011,2024,Drift,Pulse,Core,Electric Hatchback,Used,22627,16921,Electric,,246,201,False,5,23.0,Glacier White,Black Cloth,360 camera | ventilated seats | lane centering | head-up display | wireless phone integration,Northpoint,9,True,1,28,60,490
STK-100012,2026,Aster,Vela,Touring,Midsize SUV,Used,41835,16459,Gasoline,27,,285,True,7,41.2,Sandstone,Black Leather,tow package | ventilated seats | panoramic roof | adaptive cruise | 360 camera | lane centering,Lakeview,16,True,1,45,101,1478
STK-100013,2026,Drift,Summit,Core,Luxury SUV,New,56362,0,Plug-in Hybrid,36,42,365,True,5,38.5,Forest Green,Black Cloth,head-up display | tow package | heated seats,Westhaven,18,True,0,48,8,0
STK-100014,2024,Aster,Vela,Touring,Midsize SUV,Used,32102,14718,Gasoline,27,,285,True,7,41.2,Glacier White,Tan Leather,head-up display | 360 camera | panoramic roof,Stonebrook,43,True,1,31,34,0
STK-100015,2026,Drift,Pulse,Sport,Electric Hatchback,New,38996,0,Electric,,246,226,True,5,23.0,Graphite,Charcoal Vegan Leather,360 camera | lane centering,Westhaven,19,True,0,48,69,1255
STK-100016,2022,Aster,Vela,Premium,Midsize SUV,Used,30644,33800,Gasoline,27,,295,True,7,41.2,Forest Green,Charcoal Vegan Leather,lane centering | wireless phone integration | 360 camera,Westhaven,27,True,2,0,96,1320
STK-100017,2023,Brio,Nova,Tech,Compact Sedan,Used,24458,29242,Hybrid,49,,183,False,5,15.8,Graphite,Charcoal Vegan Leather,adaptive cruise | 360 camera | panoramic roof | heated seats,Stonebrook,47,False,2,9,82,1652
STK-100018,2024,Drift,Pulse,Touring,Electric Hatchback,Used,28819,28108,Electric,,246,201,False,5,23.0,Sandstone,Black Cloth,head-up display | lane centering | heated seats | ventilated seats | 360 camera,Stonebrook,40,True,2,21,102,2904
STK-100019,2023,Brio,Nova,Premium,Compact Sedan,Used,23739,24438,Hybrid,49,,188,False,5,15.8,Sandstone,Charcoal Vegan Leather,ventilated seats | heated seats | lane centering | head-up display,Pine Ridge,36,True,2,9,101,1437
STK-100020,2025,Aster,Vela,Touring,Midsize SUV,Used,39980,15021,Gasoline,27,,285,True,7,41.2,Graphite,Tan Leather,ventilated seats | head-up display | adaptive cruise | premium audio | 360 camera,Pine Ridge,32,True,2,39,99,2195
STK-100021,2023,Drift,Pulse,Core,Electric Hatchback,Used,20694,29738,Electric,,246,201,False,5,23.0,Silver Mist,Gray Cloth,head-up display | wireless phone integration | adaptive cruise,Northpoint,7,True,2,18,41,0
STK-100022,2025,Aster,Vela,Sport,Midsize SUV,Used,41479,5261,Gasoline,27,,310,True,7,41.2,Crimson,Tan Leather,premium audio | panoramic roof | 360 camera | head-up display,Northpoint,11,True,1,38,16,0
STK-100023,2025,Drift,Pulse,Touring,Electric Hatchback,Used,28588,6722,Electric,,246,201,False,5,23.0,Crimson,Tan Leather,heated seats | wireless phone integration | panoramic roof | lane centering | adaptive cruise | head-up display,Pine Ridge,37,True,2,37,78,1108
STK-100024,2023,Drift,Summit,Touring,Luxury SUV,Used,40986,17251,Plug-in Hybrid,36,42,365,True,5,38.5,Forest Green,Black Cloth,360 camera | ventilated seats | wireless phone integration | head-up display | panoramic roof,Northpoint,7,False,1,11,61,531
STK-100025,2023,Brio,Nova,Touring,Compact Sedan,Used,22340,22855,Hybrid,49,,178,False,5,15.8,Forest Green,Gray Cloth,ventilated seats | heated seats | adaptive cruise | wireless phone integration | 360 camera,Northpoint,4,True,2,10,86,1591
STK-100026,2024,Drift,Summit,Premium,Luxury SUV,Used,49094,16748,Plug-in Hybrid,36,42,375,True,5,38.5,Midnight Blue,Tan Leather,tow package | wireless phone integration | ventilated seats | panoramic roof | premium audio | heated seats,Pine Ridge,29,True,1,29,57,292
STK-100027,2025,Cinder,Solis,Touring,Electric Crossover,Used,41521,6093,Electric,,304,275,False,5,32.6,Sandstone,Black Leather,ventilated seats | 360 camera | panoramic roof | head-up display,Pine Ridge,38,True,1,38,27,0
STK-100028,2022,Aster,Lumen,Core,Compact SUV,Used,18726,36526,Hybrid,42,,196,True,5,29.4,Crimson,Black Leather,panoramic roof | lane centering | ventilated seats | 360 camera | heated seats,Westhaven,22,True,1,3,86,1802
STK-100029,2022,Drift,Summit,Sport,Luxury SUV,Used,37631,42748,Plug-in Hybrid,36,42,390,True,5,38.5,Glacier White,Black Leather,360 camera | panoramic roof | heated seats,Stonebrook,49,True,1,4,42,0
STK-100030,2025,Drift,Pulse,Core,Electric Hatchback,Used,27629,14486,Electric,,246,201,False,5,23.0,Glacier White,Black Cloth,premium audio | ventilated seats | 360 camera,Pine Ridge,27,False,1,43,32,0
STK-100031,2026,Brio,Nova,Tech,Compact Sedan,Used,32715,5450,Hybrid,49,,183,False,5,15.8,Silver Mist,Black Leather,heated seats | wireless phone integration | 360 camera,Westhaven,20,False,1,54,87,2211
STK-100032,2026,Brio,Nova,Tech,Compact Sedan,Used,32634,7222,Hybrid,49,,183,False,5,15.8,Midnight Blue,Black Leather,premium audio | lane centering | panoramic roof,Stonebrook,41,True,1,55,44,0
STK-100033,2025,Aster,Vela,Sport,Midsize SUV,Used,44223,2500,Gasoline,27,,310,True,7,41.2,Sandstone,Charcoal Vegan Leather,lane centering | wireless phone integration | tow package | ventilated seats,Lakeview,16,True,1,39,42,0
STK-100034,2025,Aster,Vela,Premium,Midsize SUV,Used,44797,2500,Gasoline,27,,295,True,7,41.2,Graphite,Gray Cloth,premium audio | adaptive cruise | tow package | panoramic roof | heated seats | 360 camera,Stonebrook,50,True,2,40,44,0
STK-100035,2024,Cinder,Terra,Touring,Adventure SUV,Used,38082,14437,Gasoline,23,,330,True,5,36.8,Glacier White,Tan Leather,tow package | head-up display | lane centering | panoramic roof,Pine Ridge,34,False,1,21,89,1828
STK-100036,2024,Cinder,Solis,Premium,Electric Crossover,Used,40371,12318,Electric,,304,285,False,5,32.6,Glacier White,Charcoal Vegan Leather,wireless phone integration | head-up display | lane centering | 360 camera | adaptive cruise | panoramic roof,Westhaven,23,True,1,26,98,2360
STK-100037,2023,Cinder,Terra,Tech,Adventure SUV,Used,34505,33635,Gasoline,23,,335,True,5,36.8,Forest Green,Tan Leather,ventilated seats | premium audio | heated seats | tow package | adaptive cruise,Northpoint,6,True,1,20,7,0
STK-100038,2024,Brio,Arc,Core,Sport Sedan,Used,29705,18044,Gasoline,31,,310,False,5,14.1,Midnight Blue,Gray Cloth,head-up display | premium audio | 360 camera | adaptive cruise | heated seats,Stonebrook,44,True,1,28,63,723
STK-100039,2026,Aster,Lumen,Touring,Compact SUV,Used,35814,11203,Hybrid,42,,196,True,5,29.4,Midnight Blue,Gray Cloth,head-up display | ventilated seats | panoramic roof | lane centering | heated seats,Northpoint,11,True,1,54,80,1869
STK-100040,2021,Aster,Vela,Core,Midsize SUV,Used,23358,45992,Gasoline,27,,285,True,7,41.2,Midnight Blue,Charcoal Vegan Leather,lane centering | 360 camera | heated seats | adaptive cruise,Lakeview,13,True,1,0,38,0
STK-100041,2023,Cinder,Terra,Tech,Adventure SUV,Used,35363,18960,Gasoline,23,,335,True,5,36.8,Midnight Blue,Charcoal Vegan Leather,panoramic roof | 360 camera | ventilated seats | premium audio,Stonebrook,50,True,2,11,10,0
STK-100042,2025,Cinder,Terra,Sport,Adventure SUV,Used,45992,4406,Gasoline,23,,355,True,5,36.8,Sandstone,Gray Cloth,tow package | 360 camera | adaptive cruise | ventilated seats | premium audio | heated seats,Westhaven,26,True,1,42,87,1616
STK-100043,2021,Aster,Lumen,Core,Compact SUV,Used,16699,42955,Hybrid,42,,196,True,5,29.4,Midnight Blue,Charcoal Vegan Leather,wireless phone integration | heated seats | panoramic roof | premium audio | ventilated seats | adaptive cruise,Lakeview,17,True,1,0,86,1155
STK-100044,2025,Drift,Summit,Premium,Luxury SUV,Used,56773,18488,Plug-in Hybrid,36,42,375,True,5,38.5,Sandstone,Black Cloth,premium audio | wireless phone integration | head-up display,Northpoint,10,True,1,34,66,867
STK-100045,2025,Drift,Summit,Sport,Luxury SUV,Used,56754,10992,Plug-in Hybrid,36,42,390,True,5,38.5,Crimson,Gray Cloth,wireless phone integration | lane centering | heated seats | tow package,Pine Ridge,27,True,1,40,4,0
STK-100046,2025,Brio,Arc,Touring,Sport Sedan,Used,36819,14610,Gasoline,31,,310,False,5,14.1,Silver Mist,Charcoal Vegan Leather,heated seats | wireless phone integration,Northpoint,10,True,1,41,62,565
STK-100047,2025,Brio,Arc,Touring,Sport Sedan,Used,35909,14779,Gasoline,31,,310,False,5,14.1,Silver Mist,Charcoal Vegan Leather,premium audio | lane centering | wireless phone integration | panoramic roof | adaptive cruise | heated seats,Northpoint,7,True,1,44,85,1314
STK-100048,2025,Drift,Summit,Sport,Luxury SUV,Used,54966,2500,Plug-in Hybrid,36,42,390,True,5,38.5,Sandstone,Black Leather,head-up display | panoramic roof | ventilated seats | lane centering,Westhaven,21,False,2,39,91,1400
STK-100049,2024,Brio,Arc,Premium,Sport Sedan,Used,36623,24322,Gasoline,31,,320,False,5,14.1,Graphite,Tan Leather,360 camera | lane centering | adaptive cruise | premium audio | head-up display,Westhaven,19,True,3,27,10,0
STK-100050,2024,Drift,Pulse,Premium,Electric Hatchback,Used,28391,24419,Electric,,246,211,False,5,23.0,Crimson,Black Cloth,lane centering | adaptive cruise | 360 camera | premium audio | heated seats,Pine Ridge,32,True,1,24,13,0
STK-100051,2022,Cinder,Terra,Tech,Adventure SUV,Used,31295,45402,Gasoline,23,,335,True,5,36.8,Forest Green,Charcoal Vegan Leather,heated seats | ventilated seats | panoramic roof | wireless phone integration | premium audio | 360 camera,Westhaven,23,True,1,0,49,139
STK-100052,2025,Brio,Arc,Core,Sport Sedan,Used,33312,5049,Gasoline,31,,310,False,5,14.1,Silver Mist,Tan Leather,360 camera | premium audio | wireless phone integration,Pine Ridge,31,True,1,37,33,0
STK-100053,2022,Drift,Pulse,Tech,Electric Hatchback,Used,22501,40224,Electric,,246,206,False,5,23.0,Crimson,Black Leather,adaptive cruise | panoramic roof | wireless phone integration | head-up display,Stonebrook,44,True,3,7,78,1594
STK-100054,2023,Cinder,Terra,Touring,Adventure SUV,Used,36096,28233,Gasoline,23,,330,True,5,36.8,Graphite,Tan Leather,heated seats | 360 camera | adaptive cruise | head-up display | ventilated seats,Lakeview,19,True,2,9,12,0
STK-100055,2026,Brio,Arc,Premium,Sport Sedan,Used,45863,12745,Gasoline,31,,320,False,5,14.1,Crimson,Black Leather,wireless phone integration | premium audio | panoramic roof | adaptive cruise,Westhaven,20,True,1,52,29,0
STK-100056,2026,Cinder,Solis,Tech,Electric Crossover,New,47598,0,Electric,,304,280,False,5,32.6,Graphite,Gray Cloth,premium audio | 360 camera | ventilated seats | adaptive cruise | wireless phone integration,Westhaven,27,True,0,48,72,644
STK-100057,2024,Aster,Vela,Sport,Midsize SUV,Used,37939,16620,Gasoline,27,,310,True,7,41.2,Silver Mist,Black Leather,adaptive cruise | head-up display | wireless phone integration | ventilated seats,Pine Ridge,28,False,2,22,18,0
STK-100058,2024,Drift,Pulse,Touring,Electric Hatchback,Used,28174,15484,Electric,,246,201,False,5,23.0,Graphite,Gray Cloth,wireless phone integration | adaptive cruise | premium audio | 360 camera | ventilated seats,Pine Ridge,36,True,1,24,88,2195
STK-100059,2026,Cinder,Solis,Core,Electric Crossover,New,43553,0,Electric,,304,275,False,5,32.6,Glacier White,Charcoal Vegan Leather,head-up display | adaptive cruise | lane centering | panoramic roof,Pine Ridge,28,True,0,48,43,0
STK-100060,2026,Brio,Nova,Touring,Compact Sedan,Used,32341,10020,Hybrid,49,,178,False,5,15.8,Sandstone,Black Cloth,wireless phone integration | heated seats | lane centering,Westhaven,20,True,1,53,85,810
STK-100061,2023,Cinder,Solis,Touring,Electric Crossover,Used,33536,27368,Electric,,304,275,False,5,32.6,Forest Green,Black Cloth,panoramic roof | lane centering | 360 camera | premium audio,Westhaven,18,True,2,10,66,694
STK-100062,2021,Brio,Nova,Premium,Compact Sedan,Used,19921,54262,Hybrid,49,,188,True,5,15.8,Midnight Blue,Tan Leather,adaptive cruise | panoramic roof,Westhaven,25,True,1,0,57,471
STK-100063,2026,Aster,Vela,Premium,Midsize SUV,New,48915,0,Gasoline,27,,295,True,7,41.2,Sandstone,Gray Cloth,tow package | lane centering | panoramic roof | adaptive cruise | premium audio,Stonebrook,48,True,0,48,15,0
STK-100064,2025,Brio,Nova,Touring,Compact Sedan,Used,25383,7540,Hybrid,49,,178,False,5,15.8,Silver Mist,Black Cloth,premium audio | panoramic roof | head-up display,Pine Ridge,33,True,3,43,88,801
STK-100065,2026,Aster,Vela,Tech,Midsize SUV,New,48052,0,Gasoline,27,,290,True,7,41.2,Midnight Blue,Black Leather,head-up display | lane centering | premium audio,Lakeview,18,True,0,48,86,1194
STK-100066,2022,Drift,Pulse,Premium,Electric Hatchback,Used,20068,33385,Electric,,246,211,False,5,23.0,Forest Green,Tan Leather,head-up display | lane centering | ventilated seats,Westhaven,23,True,1,0,14,0
STK-100067,2024,Cinder,Terra,Premium,Adventure SUV,Used,39596,21737,Gasoline,23,,340,True,5,36.8,Graphite,Black Cloth,head-up display | wireless phone integration | adaptive cruise,Stonebrook,50,True,2,23,44,0
STK-100068,2024,Brio,Arc,Core,Sport Sedan,Used,30808,15529,Gasoline,31,,310,False,5,14.1,Forest Green,Gray Cloth,panoramic roof | head-up display | heated seats,Northpoint,14,True,2,23,100,1011
STK-100069,2026,Aster,Lumen,Sport,Compact SUV,Used,38877,11159,Hybrid,42,,221,True,5,29.4,Forest Green,Black Leather,panoramic roof | wireless phone integration | ventilated seats | head-up display | lane centering | adaptive cruise,Pine Ridge,34,True,1,50,87,1515
STK-100070,2026,Cinder,Terra,Premium,Adventure SUV,New,55291,0,Gasoline,23,,340,True,5,36.8,Silver Mist,Charcoal Vegan Leather,wireless phone integration | premium audio | 360 camera | adaptive cruise | ventilated seats,Lakeview,12,True,0,48,96,1028
STK-100071,2024,Brio,Nova,Tech,Compact Sedan,Used,28137,19255,Hybrid,49,,183,False,5,15.8,Silver Mist,Tan Leather,360 camera | premium audio,Northpoint,9,True,1,30,82,725
STK-100072,2021,Aster,Lumen,Touring,Compact SUV,Used,19613,49787,Hybrid,42,,196,True,5,29.4,Glacier White,Tan Leather,360 camera | ventilated seats | panoramic roof | wireless phone integration | lane centering,Westhaven,19,True,1,0,44,0
STK-100073,2024,Aster,Vela,Core,Midsize SUV,Used,32009,10761,Gasoline,27,,285,True,7,41.2,Crimson,Black Cloth,ventilated seats | 360 camera | heated seats | tow package,Westhaven,23,True,1,24,98,1170
STK-100074,2024,Drift,Summit,Premium,Luxury SUV,Used,50817,17309,Plug-in Hybrid,36,42,375,True,5,38.5,Midnight Blue,Tan Leather,premium audio | heated seats | tow package | adaptive cruise | ventilated seats,Stonebrook,50,True,2,28,76,1094
STK-100075,2024,Cinder,Terra,Core,Adventure SUV,Used,38717,12007,Gasoline,23,,330,True,5,36.8,Midnight Blue,Black Leather,head-up display | lane centering | panoramic roof,Northpoint,13,True,3,28,95,2568
STK-100076,2025,Brio,Nova,Sport,Compact Sedan,Used,26486,12632,Hybrid,49,,203,False,5,15.8,Graphite,Tan Leather,360 camera | lane centering | heated seats | adaptive cruise | head-up display,Pine Ridge,28,True,1,44,67,1137
STK-100077,2025,Drift,Pulse,Tech,Electric Hatchback,Used,31569,8881,Electric,,246,206,False,5,23.0,Sandstone,Charcoal Vegan Leather,360 camera | lane centering | panoramic roof | heated seats,Westhaven,19,True,3,44,78,935
STK-100078,2022,Brio,Arc,Tech,Sport Sedan,Used,28150,34373,Gasoline,31,,315,False,5,14.1,Crimson,Gray Cloth,wireless phone integration | lane centering | panoramic roof,Pine Ridge,29,True,2,7,86,768
STK-100079,2024,Drift,Pulse,Core,Electric Hatchback,Used,24129,16283,Electric,,246,201,False,5,23.0,Forest Green,Black Cloth,ventilated seats | head-up display | heated seats | 360 camera | adaptive cruise,Lakeview,15,True,1,22,95,2073
STK-100080,2024,Brio,Arc,Touring,Sport Sedan,Used,33676,20635,Gasoline,31,,310,False,5,14.1,Silver Mist,Charcoal Vegan Leather,adaptive cruise | panoramic roof | premium audio | lane centering | 360 camera,Stonebrook,42,True,2,28,101,2036
STK-100081,2021,Cinder,Terra,Sport,Adventure SUV,Used,28199,53839,Gasoline,23,,355,True,5,36.8,Sandstone,Tan Leather,wireless phone integration | panoramic roof | lane centering | 360 camera | tow package | head-up display,Stonebrook,47,True,1,0,62,632
STK-100082,2023,Aster,Vela,Premium,Midsize SUV,Used,34822,24950,Gasoline,27,,295,True,7,41.2,Forest Green,Tan Leather,lane centering | heated seats | panoramic roof | adaptive cruise | 360 camera | ventilated seats,Lakeview,14,True,1,14,51,146
STK-100083,2025,Aster,Vela,Core,Midsize SUV,Used,37132,5374,Gasoline,27,,285,True,7,41.2,Midnight Blue,Black Cloth,adaptive cruise | wireless phone integration | tow package | premium audio,Westhaven,20,True,1,35,79,535
STK-100084,2022,Brio,Nova,Premium,Compact Sedan,Used,23673,38282,Hybrid,49,,188,True,5,15.8,Silver Mist,Gray Cloth,ventilated seats | wireless phone integration | 360 camera | adaptive cruise,Pine Ridge,28,True,1,3,9,0
STK-100085,2023,Brio,Nova,Tech,Compact Sedan,Used,20810,24235,Hybrid,49,,183,False,5,15.8,Silver Mist,Black Leather,heated seats | 360 camera | premium audio | adaptive cruise | wireless phone integration,Lakeview,19,True,1,17,3,0
STK-100086,2021,Drift,Pulse,Tech,Electric Hatchback,Used,19028,48267,Electric,,246,206,False,5,23.0,Sandstone,Black Leather,360 camera | premium audio | heated seats | adaptive cruise,Northpoint,8,True,2,0,23,0
STK-100087,2024,Drift,Summit,Touring,Luxury SUV,Used,49008,12830,Plug-in Hybrid,36,42,365,True,5,38.5,Silver Mist,Tan Leather,ventilated seats | adaptive cruise | head-up display | lane centering | heated seats,Pine Ridge,27,True,3,25,70,411
STK-100088,2025,Brio,Nova,Core,Compact Sedan,Used,26268,12675,Hybrid,49,,178,False,5,15.8,Graphite,Black Cloth,panoramic roof | head-up display | heated seats | 360 camera | ventilated seats,Northpoint,8,True,2,44,67,969
STK-100089,2025,Aster,Vela,Touring,Midsize SUV,Used,38417,5310,Gasoline,27,,285,True,7,41.2,Forest Green,Black Leather,wireless phone integration | tow package | panoramic roof | 360 camera | premium audio,Northpoint,8,True,1,40,46,25
STK-100090,2026,Aster,Lumen,Tech,Compact SUV,New,37352,0,Hybrid,42,,201,True,5,29.4,Midnight Blue,Charcoal Vegan Leather,adaptive cruise | heated seats | head-up display,Stonebrook,51,True,0,48,17,0
STK-100091,2025,Cinder,Solis,Touring,Electric Crossover,Used,41599,10340,Electric,,304,275,False,5,32.6,Midnight Blue,Charcoal Vegan Leather,360 camera | heated seats | wireless phone integration | head-up display,Pine Ridge,32,True,1,39,15,0
STK-100092,2022,Drift,Pulse,Sport,Electric Hatchback,Used,23878,43015,Electric,,246,226,False,5,23.0,Sandstone,Tan Leather,ventilated seats | 360 camera | head-up display | adaptive cruise,Lakeview,19,True,1,4,12,0
STK-100093,2024,Aster,Vela,Touring,Midsize SUV,Used,35992,16834,Gasoline,27,,285,True,7,41.2,Silver Mist,Gray Cloth,360 camera | ventilated seats | heated seats | head-up display,Lakeview,15,False,1,28,48,60
STK-100094,2026,Aster,Vela,Sport,Midsize SUV,New,45333,0,Gasoline,27,,310,True,7,41.2,Forest Green,Tan Leather,premium audio | 360 camera | tow package | ventilated seats,Stonebrook,41,True,0,48,88,865
STK-100095,2023,Brio,Arc,Touring,Sport Sedan,Used,25611,25486,Gasoline,31,,310,False,5,14.1,Graphite,Black Cloth,wireless phone integration | heated seats | lane centering,Northpoint,4,True,2,20,67,550
STK-100096,2026,Cinder,Terra,Premium,Adventure SUV,New,55664,0,Gasoline,23,,340,True,5,36.8,Crimson,Gray Cloth,head-up display | heated seats | lane centering | premium audio,Northpoint,11,True,0,48,80,997
STK-100097,2022,Aster,Lumen,Premium,Compact SUV,Used,24723,37651,Hybrid,42,,206,True,5,29.4,Silver Mist,Charcoal Vegan Leather,head-up display | panoramic roof | adaptive cruise | ventilated seats,Westhaven,28,True,1,7,39,0
STK-100098,2025,Drift,Pulse,Sport,Electric Hatchback,Used,32865,10733,Electric,,246,226,True,5,23.0,Graphite,Gray Cloth,ventilated seats | premium audio | heated seats | lane centering | panoramic roof,Pine Ridge,34,True,1,44,52,262
STK-100099,2025,Cinder,Solis,Touring,Electric Crossover,Used,42776,13315,Electric,,304,275,False,5,32.6,Sandstone,Charcoal Vegan Leather,panoramic roof | head-up display | ventilated seats | lane centering | 360 camera,Northpoint,3,True,2,38,25,0
STK-100100,2024,Drift,Summit,Sport,Luxury SUV,Used,49147,17571,Plug-in Hybrid,36,42,390,True,5,38.5,Crimson,Black Leather,ventilated seats | premium audio | adaptive cruise | tow package,Stonebrook,47,True,2,25,84,1030
STK-100101,2022,Aster,Lumen,Tech,Compact SUV,Used,23826,25674,Hybrid,42,,201,True,5,29.4,Silver Mist,Gray Cloth,panoramic roof | adaptive cruise | ventilated seats,Pine Ridge,32,True,1,2,65,523
STK-100102,2026,Aster,Vela,Tech,Midsize SUV,New,47054,0,Gasoline,27,,290,True,7,41.2,Midnight Blue,Black Cloth,head-up display | lane centering | panoramic roof | wireless phone integration,Westhaven,20,True,0,48,6,0
STK-100103,2023,Cinder,Solis,Premium,Electric Crossover,Used,33935,22192,Electric,,304,285,False,5,32.6,Forest Green,Black Leather,head-up display | premium audio | heated seats | ventilated seats | wireless phone integration,Stonebrook,42,True,1,20,65,866
STK-100104,2024,Cinder,Terra,Core,Adventure SUV,Used,34823,20004,Gasoline,23,,330,True,5,36.8,Glacier White,Gray Cloth,adaptive cruise | tow package | wireless phone integration | premium audio | lane centering,Pine Ridge,36,True,1,30,62,682
STK-100105,2026,Drift,Pulse,Core,Electric Hatchback,Used,29948,15059,Electric,,246,201,False,5,23.0,Sandstone,Black Cloth,premium audio | panoramic roof | heated seats | ventilated seats | head-up display | 360 camera,Lakeview,10,True,1,51,61,691
STK-100106,2024,Brio,Nova,Sport,Compact Sedan,Used,25207,14239,Hybrid,49,,203,True,5,15.8,Graphite,Tan Leather,lane centering | premium audio | wireless phone integration | ventilated seats,Lakeview,17,True,1,24,39,0
STK-100107,2025,Drift,Summit,Tech,Luxury SUV,Used,51612,8239,Plug-in Hybrid,36,42,370,True,5,38.5,Glacier White,Tan Leather,head-up display | lane centering | panoramic roof,Westhaven,22,True,3,39,103,967
STK-100108,2025,Aster,Vela,Sport,Midsize SUV,Used,40682,4236,Gasoline,27,,310,True,7,41.2,Forest Green,Charcoal Vegan Leather,lane centering | wireless phone integration | heated seats | adaptive cruise | head-up display,Lakeview,13,True,1,44,86,1661
STK-100109,2026,Aster,Lumen,Sport,Compact SUV,New,36771,0,Hybrid,42,,221,True,5,29.4,Silver Mist,Black Leather,adaptive cruise | lane centering | heated seats | ventilated seats,Northpoint,13,True,0,48,84,1599
STK-100110,2025,Cinder,Terra,Core,Adventure SUV,Used,38757,2500,Gasoline,23,,330,True,5,36.8,Glacier White,Tan Leather,heated seats | panoramic roof | head-up display,Stonebrook,43,True,1,33,64,951
STK-100111,2025,Aster,Lumen,Tech,Compact SUV,Used,31240,2500,Hybrid,42,,201,True,5,29.4,Crimson,Charcoal Vegan Leather,heated seats | lane centering | head-up display | 360 camera | adaptive cruise,Westhaven,25,True,1,38,33,0
STK-100112,2023,Cinder,Solis,Touring,Electric Crossover,Used,31328,18571,Electric,,304,275,False,5,32.6,Midnight Blue,Tan Leather,panoramic roof | lane centering | premium audio | adaptive cruise | ventilated seats | head-up display,Stonebrook,50,True,1,11,32,0
STK-100113,2023,Drift,Summit,Premium,Luxury SUV,Used,44298,31470,Plug-in Hybrid,36,42,375,True,5,38.5,Sandstone,Tan Leather,ventilated seats | adaptive cruise | 360 camera | head-up display | heated seats,Northpoint,7,True,1,11,91,1960
STK-100114,2025,Cinder,Terra,Sport,Adventure SUV,Used,49217,11516,Gasoline,23,,355,True,5,36.8,Sandstone,Gray Cloth,panoramic roof | lane centering | tow package | head-up display | wireless phone integration,Lakeview,17,True,2,43,88,2146
STK-100115,2024,Aster,Vela,Premium,Midsize SUV,Used,38563,12869,Gasoline,27,,295,True,7,41.2,Glacier White,Gray Cloth,head-up display | lane centering | heated seats | 360 camera,Northpoint,3,True,1,26,88,1485
STK-100116,2023,Drift,Summit,Sport,Luxury SUV,Used,43485,20680,Plug-in Hybrid,36,42,390,True,5,38.5,Midnight Blue,Gray Cloth,wireless phone integration | adaptive cruise | panoramic roof | heated seats | lane centering | 360 camera,Stonebrook,40,False,1,18,90,2464
STK-100117,2021,Aster,Vela,Touring,Midsize SUV,Used,23949,40544,Gasoline,27,,285,True,7,41.2,Glacier White,Tan Leather,premium audio | panoramic roof | tow package | lane centering | ventilated seats | head-up display,Lakeview,20,True,1,0,70,493
STK-100118,2024,Drift,Pulse,Core,Electric Hatchback,Used,23719,17458,Electric,,246,201,False,5,23.0,Sandstone,Black Cloth,lane centering | panoramic roof | head-up display | 360 camera | premium audio,Northpoint,7,True,1,28,93,781
STK-100119,2024,Drift,Pulse,Touring,Electric Hatchback,Used,25494,28619,Electric,,246,201,False,5,23.0,Crimson,Black Cloth,head-up display | adaptive cruise,Lakeview,11,True,2,30,32,0
STK-100120,2024,Brio,Nova,Touring,Compact Sedan,Used,21895,18262,Hybrid,49,,178,False,5,15.8,Glacier White,Black Leather,head-up display | premium audio | lane centering | 360 camera,Stonebrook,44,True,3,25,67,594
STK-100121,2024,Aster,Lumen,Touring,Compact SUV,Used,26635,10480,Hybrid,42,,196,True,5,29.4,Glacier White,Gray Cloth,adaptive cruise | premium audio | panoramic roof | wireless phone integration | heated seats,Pine Ridge,35,True,1,32,49,135
STK-100122,2025,Brio,Nova,Core,Compact Sedan,Used,22986,6377,Hybrid,49,,178,False,5,15.8,Sandstone,Tan Leather,lane centering | head-up display | heated seats | ventilated seats | 360 camera,Stonebrook,46,True,1,36,58,243
STK-100123,2026,Brio,Nova,Premium,Compact Sedan,New,34227,0,Hybrid,49,,188,True,5,15.8,Glacier White,Black Cloth,ventilated seats | premium audio | heated seats,Lakeview,19,True,0,48,2,0
STK-100124,2022,Drift,Summit,Premium,Luxury SUV,Used,38876,29259,Plug-in Hybrid,36,42,375,True,5,38.5,Silver Mist,Black Cloth,wireless phone integration | panoramic roof | tow package | head-up display | premium audio,Lakeview,18,True,1,2,64,895
STK-100125,2023,Drift,Summit,Tech,Luxury SUV,Used,43476,21702,Plug-in Hybrid,36,42,370,True,5,38.5,Glacier White,Tan Leather,heated seats | adaptive cruise | wireless phone integration | tow package,Pine Ridge,27,True,1,18,20,0
STK-100126,2024,Brio,Nova,Tech,Compact Sedan,Used,25513,15286,Hybrid,49,,183,False,5,15.8,Crimson,Black Cloth,premium audio | heated seats | lane centering | head-up display,Pine Ridge,34,True,2,29,70,898
STK-100127,2021,Aster,Vela,Core,Midsize SUV,Used,22558,55201,Gasoline,27,,285,True,7,41.2,Silver Mist,Black Leather,adaptive cruise | ventilated seats | tow package | heated seats,Lakeview,11,True,1,0,79,531
STK-100128,2026,Drift,Pulse,Tech,Electric Hatchback,New,34662,0,Electric,,246,206,False,5,23.0,Midnight Blue,Gray Cloth,lane centering | panoramic roof | heated seats,Stonebrook,44,True,0,48,14,0
STK-100129,2024,Brio,Nova,Sport,Compact Sedan,Used,27716,17921,Hybrid,49,,203,True,5,15.8,Silver Mist,Black Leather,ventilated seats | lane centering | heated seats | premium audio | adaptive cruise,Northpoint,8,True,1,31,5,0
STK-100130,2024,Aster,Lumen,Sport,Compact SUV,Used,29412,17332,Hybrid,42,,221,True,5,29.4,Silver Mist,Tan Leather,lane centering | adaptive cruise | ventilated seats,Westhaven,27,True,1,24,73,472
STK-100131,2023,Aster,Vela,Core,Midsize SUV,Used,30682,25694,Gasoline,27,,285,True,7,41.2,Sandstone,Black Leather,ventilated seats | heated seats | panoramic roof,Lakeview,15,True,1,10,73,1178
STK-100132,2025,Cinder,Solis,Core,Electric Crossover,Used,37041,8373,Electric,,304,275,False,5,32.6,Silver Mist,Tan Leather,adaptive cruise | 360 camera | panoramic roof | lane centering | head-up display,Stonebrook,51,True,1,38,77,517
STK-100133,2023,Cinder,Terra,Premium,Adventure SUV,Used,37380,23231,Gasoline,23,,340,True,5,36.8,Midnight Blue,Tan Leather,head-up display | panoramic roof | 360 camera | lane centering,Pine Ridge,33,True,1,18,10,0
STK-100134,2023,Brio,Arc,Core,Sport Sedan,Used,27320,25937,Gasoline,31,,310,False,5,14.1,Midnight Blue,Black Cloth,wireless phone integration | 360 camera | heated seats | adaptive cruise | lane centering,Westhaven,25,True,1,15,53,148
STK-100135,2024,Aster,Vela,Core,Midsize SUV,Used,30182,20357,Gasoline,27,,285,True,7,41.2,Graphite,Black Leather,360 camera | lane centering | ventilated seats | wireless phone integration | panoramic roof | head-up display,Westhaven,24,True,1,31,39,0
STK-100136,2025,Brio,Arc,Core,Sport Sedan,Used,35262,3432,Gasoline,31,,310,False,5,14.1,Sandstone,Gray Cloth,ventilated seats | head-up display | adaptive cruise,Westhaven,22,True,2,35,43,0
STK-100137,2025,Cinder,Solis,Premium,Electric Crossover,Used,47301,2500,Electric,,304,285,False,5,32.6,Forest Green,Charcoal Vegan Leather,head-up display | ventilated seats | heated seats | 360 camera,Lakeview,14,True,1,39,89,1233
STK-100138,2023,Cinder,Terra,Premium,Adventure SUV,Used,37501,24884,Gasoline,23,,340,True,5,36.8,Midnight Blue,Black Leather,lane centering | adaptive cruise | tow package | premium audio,Lakeview,19,True,1,12,89,1844
STK-100139,2024,Brio,Arc,Sport,Sport Sedan,Used,36433,18404,Gasoline,31,,335,False,5,14.1,Forest Green,Gray Cloth,head-up display | panoramic roof | wireless phone integration | lane centering | ventilated seats,Pine Ridge,28,False,3,29,90,1823
STK-100140,2026,Aster,Vela,Tech,Midsize SUV,New,47667,0,Gasoline,27,,290,True,7,41.2,Forest Green,Gray Cloth,premium audio | panoramic roof | 360 camera | adaptive cruise | lane centering | heated seats,Stonebrook,50,True,0,48,29,0
STK-100141,2025,Brio,Nova,Sport,Compact Sedan,Used,27952,15552,Hybrid,49,,203,False,5,15.8,Graphite,Black Leather,adaptive cruise | 360 camera | heated seats | ventilated seats,Stonebrook,42,True,2,34,19,0
STK-100142,2025,Drift,Summit,Core,Luxury SUV,Used,48950,10908,Plug-in Hybrid,36,42,365,True,5,38.5,Glacier White,Gray Cloth,adaptive cruise | 360 camera | head-up display | panoramic roof | heated seats,Westhaven,19,True,2,43,95,1098
STK-100143,2025,Brio,Arc,Sport,Sport Sedan,Used,40054,12218,Gasoline,31,,335,False,5,14.1,Midnight Blue,Charcoal Vegan Leather,heated seats | panoramic roof | lane centering | adaptive cruise,Pine Ridge,37,True,1,44,76,720
STK-100144,2024,Aster,Vela,Premium,Midsize SUV,Used,39277,16969,Gasoline,27,,295,True,7,41.2,Sandstone,Black Leather,tow package | lane centering | premium audio | wireless phone integration | ventilated seats,Pine Ridge,28,True,1,30,46,39
STK-100145,2022,Cinder,Terra,Premium,Adventure SUV,Used,33270,40507,Gasoline,23,,340,True,5,36.8,Silver Mist,Black Leather,360 camera | heated seats | premium audio | tow package | head-up display,Northpoint,6,True,1,5,74,650
STK-100146,2024,Brio,Arc,Sport,Sport Sedan,Used,34165,19497,Gasoline,31,,335,False,5,14.1,Silver Mist,Black Leather,premium audio | adaptive cruise,Pine Ridge,36,True,1,23,72,1144
STK-100147,2023,Drift,Pulse,Sport,Electric Hatchback,Used,24702,30435,Electric,,246,226,False,5,23.0,Forest Green,Gray Cloth,adaptive cruise | wireless phone integration | ventilated seats | lane centering | heated seats,Northpoint,6,True,1,11,99,1054
STK-100148,2025,Aster,Vela,Premium,Midsize SUV,Used,44682,9162,Gasoline,27,,295,True,7,41.2,Graphite,Black Cloth,lane centering | ventilated seats | panoramic roof | adaptive cruise | premium audio | 360 camera,Northpoint,14,True,1,37,34,0
STK-100149,2023,Aster,Vela,Touring,Midsize SUV,Used,31237,22289,Gasoline,27,,285,True,7,41.2,Glacier White,Tan Leather,heated seats | head-up display | ventilated seats | panoramic roof | 360 camera | adaptive cruise,Westhaven,29,True,1,18,69,1299
STK-100150,2025,Cinder,Terra,Tech,Adventure SUV,Used,46488,17712,Gasoline,23,,335,True,5,36.8,Sandstone,Black Leather,adaptive cruise | wireless phone integration | heated seats | premium audio | 360 camera | panoramic roof,Northpoint,5,True,2,35,98,1832
STK-100151,2024,Cinder,Terra,Sport,Adventure SUV,Used,38374,16052,Gasoline,23,,355,True,5,36.8,Crimson,Black Leather,premium audio | tow package | lane centering | heated seats | wireless phone integration,Northpoint,9,True,2,21,12,0
STK-100152,2022,Cinder,Solis,Premium,Electric Crossover,Used,28541,38315,Electric,,304,285,False,5,32.6,Sandstone,Black Cloth,premium audio | wireless phone integration | head-up display | lane centering | panoramic roof,Lakeview,17,True,1,0,44,0
STK-100153,2026,Drift,Summit,Touring,Luxury SUV,Used,60351,17653,Plug-in Hybrid,36,42,365,True,5,38.5,Crimson,Charcoal Vegan Leather,wireless phone integration | heated seats | head-up display | adaptive cruise,Pine Ridge,30,True,1,55,86,699
STK-100154,2023,Cinder,Terra,Touring,Adventure SUV,Used,33043,27072,Gasoline,23,,330,True,5,36.8,Crimson,Tan Leather,tow package | 360 camera | heated seats | wireless phone integration,Northpoint,3,True,1,12,2,0
STK-100155,2023,Drift,Pulse,Sport,Electric Hatchback,Used,26524,28034,Electric,,246,226,False,5,23.0,Forest Green,Charcoal Vegan Leather,premium audio | wireless phone integration | heated seats | ventilated seats | 360 camera,Northpoint,4,True,1,19,68,749
STK-100156,2024,Brio,Nova,Touring,Compact Sedan,Used,26013,20327,Hybrid,49,,178,False,5,15.8,Graphite,Charcoal Vegan Leather,360 camera | heated seats | head-up display,Pine Ridge,30,True,1,30,55,249
STK-100157,2025,Aster,Vela,Premium,Midsize SUV,Used,42538,5329,Gasoline,27,,295,True,7,41.2,Glacier White,Black Leather,ventilated seats | lane centering | head-up display | premium audio | tow package,Northpoint,13,True,2,37,102,1734
STK-100158,2024,Brio,Nova,Premium,Compact Sedan,Used,30912,13577,Hybrid,49,,188,True,5,15.8,Forest Green,Black Cloth,heated seats | panoramic roof | lane centering | head-up display | wireless phone integration,Northpoint,8,True,1,31,99,839
STK-100159,2026,Brio,Nova,Sport,Compact Sedan,New,35366,0,Hybrid,49,,203,True,5,15.8,Midnight Blue,Tan Leather,panoramic roof | head-up display | 360 camera | premium audio | wireless phone integration | lane centering,Stonebrook,44,True,0,48,79,617
STK-100160,2021,Brio,Nova,Premium,Compact Sedan,Used,20293,47740,Hybrid,49,,188,False,5,15.8,Crimson,Charcoal Vegan Leather,ventilated seats | adaptive cruise | head-up display | lane centering | panoramic roof,Northpoint,7,True,1,0,86,810
STK-100161,2023,Brio,Arc,Premium,Sport Sedan,Used,34859,34009,Gasoline,31,,320,False,5,14.1,Silver Mist,Tan Leather,heated seats | premium audio | head-up display | lane centering,Stonebrook,51,True,2,20,4,0
STK-100162,2023,Cinder,Terra,Sport,Adventure SUV,Used,35176,25047,Gasoline,23,,355,True,5,36.8,Crimson,Black Cloth,tow package | heated seats | premium audio,Stonebrook,45,True,1,11,74,699
STK-100163,2026,Aster,Lumen,Sport,Compact SUV,Used,40280,9212,Hybrid,42,,221,True,5,29.4,Graphite,Black Cloth,lane centering | panoramic roof | ventilated seats,Lakeview,12,True,2,50,41,0
STK-100164,2024,Aster,Vela,Premium,Midsize SUV,Used,38288,20822,Gasoline,27,,295,True,7,41.2,Glacier White,Tan Leather,tow package | wireless phone integration | lane centering,Northpoint,9,False,1,26,48,112
STK-100165,2023,Cinder,Terra,Sport,Adventure SUV,Used,36776,27245,Gasoline,23,,355,True,5,36.8,Midnight Blue,Tan Leather,heated seats | adaptive cruise | panoramic roof | lane centering,Lakeview,21,True,1,12,89,662
STK-100166,2022,Drift,Pulse,Premium,Electric Hatchback,Used,23038,35632,Electric,,246,211,False,5,23.0,Midnight Blue,Gray Cloth,adaptive cruise | heated seats | wireless phone integration | head-up display | panoramic roof | 360 camera,Lakeview,16,True,2,5,59,263
STK-100167,2024,Brio,Arc,Core,Sport Sedan,Used,31511,12200,Gasoline,31,,310,False,5,14.1,Crimson,Tan Leather,ventilated seats | wireless phone integration | lane centering | panoramic roof,Pine Ridge,37,True,1,26,107,1718
STK-100168,2025,Cinder,Terra,Premium,Adventure SUV,Used,47609,11790,Gasoline,23,,340,True,5,36.8,Glacier White,Black Leather,heated seats | tow package | lane centering,Northpoint,5,True,1,38,99,1475
STK-100169,2022,Cinder,Terra,Tech,Adventure SUV,Used,31952,44417,Gasoline,23,,335,True,5,36.8,Crimson,Tan Leather,premium audio | heated seats | 360 camera | head-up display,Stonebrook,40,True,1,0,7,0
STK-100170,2026,Brio,Arc,Sport,Sport Sedan,New,42738,0,Gasoline,31,,335,False,5,14.1,Glacier White,Charcoal Vegan Leather,heated seats | 360 camera | adaptive cruise,Northpoint,10,True,0,48,8,0
STK-100171,2025,Drift,Pulse,Core,Electric Hatchback,Used,27130,6606,Electric,,246,201,False,5,23.0,Midnight Blue,Black Cloth,ventilated seats | heated seats,Northpoint,3,True,2,34,43,0
STK-100172,2026,Aster,Lumen,Sport,Compact SUV,New,38164,0,Hybrid,42,,221,True,5,29.4,Silver Mist,Charcoal Vegan Leather,panoramic roof | heated seats | premium audio | 360 camera | head-up display | lane centering,Pine Ridge,27,True,0,48,36,0
STK-100173,2024,Brio,Nova,Sport,Compact Sedan,Used,26427,6611,Hybrid,49,,203,False,5,15.8,Silver Mist,Tan Leather,panoramic roof | heated seats | head-up display | 360 camera | premium audio,Northpoint,4,True,3,29,70,854
STK-100174,2025,Drift,Summit,Tech,Luxury SUV,Used,54153,4561,Plug-in Hybrid,36,42,370,True,5,38.5,Sandstone,Gray Cloth,head-up display | ventilated seats | adaptive cruise | panoramic roof | heated seats,Lakeview,10,True,1,33,46,54
STK-100175,2026,Brio,Arc,Core,Sport Sedan,Used,41763,7950,Gasoline,31,,310,False,5,14.1,Crimson,Tan Leather,premium audio | heated seats | lane centering | 360 camera | wireless phone integration,Lakeview,19,True,2,56,4,0
STK-100176,2024,Brio,Arc,Sport,Sport Sedan,Used,38237,24190,Gasoline,31,,335,True,5,14.1,Forest Green,Charcoal Vegan Leather,adaptive cruise | 360 camera | lane centering,Stonebrook,44,True,1,24,62,803
STK-100177,2023,Cinder,Solis,Tech,Electric Crossover,Used,32141,36255,Electric,,304,280,False,5,32.6,Crimson,Black Leather,head-up display | heated seats | 360 camera | panoramic roof,Northpoint,3,True,3,17,48,115
STK-100178,2025,Cinder,Solis,Sport,Electric Crossover,Used,44707,11107,Electric,,304,300,False,5,32.6,Glacier White,Charcoal Vegan Leather,heated seats | lane centering | premium audio | 360 camera,Pine Ridge,37,True,1,42,94,2163
STK-100179,2022,Drift,Pulse,Touring,Electric Hatchback,Used,18832,36929,Electric,,246,201,False,5,23.0,Glacier White,Black Cloth,head-up display | 360 camera | lane centering,Stonebrook,45,True,1,2,41,0
STK-100180,2025,Cinder,Solis,Core,Electric Crossover,Used,40567,8602,Electric,,304,275,False,5,32.6,Silver Mist,Black Leather,adaptive cruise | head-up display | panoramic roof,Westhaven,22,True,3,40,53,232
STK-100181,2026,Drift,Pulse,Premium,Electric Hatchback,New,38256,0,Electric,,246,211,False,5,23.0,Midnight Blue,Black Cloth,adaptive cruise | wireless phone integration | head-up display,Lakeview,17,True,0,48,41,0
STK-100182,2026,Drift,Pulse,Core,Electric Hatchback,New,30165,0,Electric,,246,201,False,5,23.0,Midnight Blue,Tan Leather,adaptive cruise | panoramic roof | heated seats | wireless phone integration | ventilated seats | 360 camera,Westhaven,27,True,0,48,7,0
STK-100183,2025,Brio,Nova,Premium,Compact Sedan,Used,31055,2500,Hybrid,49,,188,False,5,15.8,Silver Mist,Black Cloth,wireless phone integration | ventilated seats | 360 camera | adaptive cruise | lane centering,Westhaven,28,True,1,42,7,0
STK-100184,2026,Drift,Summit,Touring,Luxury SUV,New,57914,0,Plug-in Hybrid,36,42,365,True,5,38.5,Crimson,Gray Cloth,panoramic roof | tow package | lane centering | premium audio | heated seats,Pine Ridge,28,True,0,48,12,0
STK-100185,2022,Cinder,Solis,Tech,Electric Crossover,Used,29609,24466,Electric,,304,280,False,5,32.6,Forest Green,Black Leather,ventilated seats | wireless phone integration | adaptive cruise | 360 camera | premium audio,Pine Ridge,34,False,1,7,104,3175
STK-100186,2024,Brio,Nova,Sport,Compact Sedan,Used,27014,19531,Hybrid,49,,203,False,5,15.8,Crimson,Gray Cloth,head-up display | ventilated seats | heated seats | adaptive cruise | lane centering,Stonebrook,50,False,1,32,67,459
STK-100187,2026,Drift,Summit,Touring,Luxury SUV,Used,60661,3792,Plug-in Hybrid,36,42,365,True,5,38.5,Sandstone,Tan Leather,ventilated seats | heated seats | wireless phone integration | lane centering | premium audio | adaptive cruise,Pine Ridge,28,True,1,46,42,0
STK-100188,2023,Aster,Lumen,Premium,Compact SUV,Used,25926,24333,Hybrid,42,,206,True,5,29.4,Silver Mist,Tan Leather,heated seats | 360 camera | lane centering | wireless phone integration,Northpoint,9,True,2,10,45,0
STK-100189,2024,Drift,Summit,Sport,Luxury SUV,Used,49957,12982,Plug-in Hybrid,36,42,390,True,5,38.5,Midnight Blue,Tan Leather,adaptive cruise | panoramic roof | premium audio | tow package | 360 camera | head-up display,Lakeview,19,True,1,32,48,143
STK-100190,2025,Cinder,Terra,Sport,Adventure SUV,Used,47097,10029,Gasoline,23,,355,True,5,36.8,Sandstone,Black Leather,tow package | premium audio | wireless phone integration | lane centering | ventilated seats,Lakeview,12,True,1,42,28,0
STK-100191,2022,Cinder,Solis,Premium,Electric Crossover,Used,31616,29501,Electric,,304,285,True,5,32.6,Graphite,Charcoal Vegan Leather,lane centering | adaptive cruise | heated seats | 360 camera,Stonebrook,46,True,1,0,59,363
STK-100192,2024,Drift,Summit,Core,Luxury SUV,Used,44401,16042,Plug-in Hybrid,36,42,365,True,5,38.5,Silver Mist,Black Cloth,heated seats | tow package | premium audio | head-up display | 360 camera | panoramic roof,Pine Ridge,36,True,1,32,4,0
STK-100193,2022,Brio,Nova,Touring,Compact Sedan,Used,18343,32283,Hybrid,49,,178,False,5,15.8,Graphite,Gray Cloth,adaptive cruise | heated seats,Pine Ridge,35,True,2,7,29,0
STK-100194,2023,Cinder,Terra,Tech,Adventure SUV,Used,33547,23086,Gasoline,23,,335,True,5,36.8,Crimson,Tan Leather,ventilated seats | tow package | wireless phone integration | premium audio | lane centering,Westhaven,25,True,1,18,66,786
STK-100195,2025,Cinder,Terra,Core,Adventure SUV,Used,39924,11462,Gasoline,23,,330,True,5,36.8,Sandstone,Gray Cloth,wireless phone integration | head-up display | lane centering | 360 camera | panoramic roof,Westhaven,28,True,2,41,104,1838
STK-100196,2023,Cinder,Solis,Core,Electric Crossover,Used,27886,27570,Electric,,304,275,False,5,32.6,Graphite,Gray Cloth,panoramic roof | adaptive cruise | ventilated seats | heated seats | premium audio | 360 camera,Westhaven,24,True,2,19,86,1107
STK-100197,2022,Brio,Arc,Premium,Sport Sedan,Used,28331,20242,Gasoline,31,,320,False,5,14.1,Graphite,Tan Leather,lane centering | heated seats | premium audio | adaptive cruise,Lakeview,21,True,2,0,40,0
STK-100198,2024,Cinder,Terra,Core,Adventure SUV,Used,33480,20262,Gasoline,23,,330,True,5,36.8,Sandstone,Charcoal Vegan Leather,tow package | ventilated seats | 360 camera,Stonebrook,49,True,1,31,7,0
STK-100199,2025,Brio,Nova,Premium,Compact Sedan,Used,35335,11031,Hybrid,49,,188,False,5,15.8,Sandstone,Charcoal Vegan Leather,360 camera | premium audio | lane centering,Lakeview,15,True,1,35,58,494
STK-100200,2024,Brio,Arc,Core,Sport Sedan,Used,31382,7923,Gasoline,31,,310,False,5,14.1,Sandstone,Gray Cloth,panoramic roof | adaptive cruise | head-up display | wireless phone integration | 360 camera,Pine Ridge,33,True,1,32,42,0
STK-100201,2024,Aster,Lumen,Touring,Compact SUV,Used,28304,22260,Hybrid,42,,196,True,5,29.4,Silver Mist,Gray Cloth,panoramic roof | lane centering | wireless phone integration,Westhaven,20,False,1,23,38,0
STK-100202,2025,Cinder,Solis,Touring,Electric Crossover,Used,40053,20134,Electric,,304,275,False,5,32.6,Forest Green,Gray Cloth,panoramic roof | adaptive cruise | ventilated seats | 360 camera,Westhaven,21,True,1,44,3,0
STK-100203,2023,Cinder,Solis,Core,Electric Crossover,Used,29180,36885,Electric,,304,275,False,5,32.6,Silver Mist,Black Leather,head-up display | adaptive cruise | 360 camera,Stonebrook,49,True,1,19,15,0
STK-100204,2024,Cinder,Terra,Touring,Adventure SUV,Used,38765,23554,Gasoline,23,,330,True,5,36.8,Forest Green,Black Cloth,360 camera | lane centering | wireless phone integration | tow package | panoramic roof | head-up display,Northpoint,7,True,1,27,93,1262
STK-100205,2024,Aster,Vela,Premium,Midsize SUV,Used,39137,26043,Gasoline,27,,295,True,7,41.2,Graphite,Charcoal Vegan Leather,panoramic roof | wireless phone integration | heated seats | adaptive cruise | lane centering,Stonebrook,43,True,1,28,62,256
STK-100206,2022,Aster,Vela,Premium,Midsize SUV,Used,29657,40084,Gasoline,27,,295,True,7,41.2,Midnight Blue,Black Cloth,360 camera | wireless phone integration | ventilated seats,Northpoint,11,True,1,4,60,712
STK-100207,2022,Aster,Lumen,Tech,Compact SUV,Used,22994,33270,Hybrid,42,,201,True,5,29.4,Graphite,Black Cloth,adaptive cruise | heated seats | lane centering,Northpoint,4,True,1,2,80,1046
STK-100208,2026,Cinder,Solis,Sport,Electric Crossover,New,48950,0,Electric,,304,300,True,5,32.6,Silver Mist,Gray Cloth,panoramic roof | heated seats | 360 camera | premium audio | adaptive cruise,Westhaven,24,True,0,48,109,2195
STK-100209,2026,Drift,Summit,Tech,Luxury SUV,New,59966,0,Plug-in Hybrid,36,42,370,True,5,38.5,Graphite,Black Cloth,360 camera | panoramic roof | tow package | adaptive cruise | lane centering | heated seats,Lakeview,17,True,0,48,84,1684
STK-100210,2021,Brio,Nova,Tech,Compact Sedan,Used,15345,37943,Hybrid,49,,183,False,5,15.8,Midnight Blue,Black Cloth,ventilated seats | premium audio | lane centering | panoramic roof | head-up display,Stonebrook,41,True,1,0,79,1385
STK-100211,2024,Brio,Arc,Sport,Sport Sedan,Used,36070,16994,Gasoline,31,,335,True,5,14.1,Silver Mist,Black Leather,ventilated seats | premium audio | wireless phone integration | adaptive cruise,Northpoint,10,True,1,24,105,2823
STK-100212,2026,Drift,Summit,Tech,Luxury SUV,New,59834,0,Plug-in Hybrid,36,42,370,True,5,38.5,Forest Green,Gray Cloth,360 camera | panoramic roof | lane centering,Northpoint,10,True,0,48,5,0
STK-100213,2023,Aster,Vela,Premium,Midsize SUV,Used,33684,34626,Gasoline,27,,295,True,7,41.2,Crimson,Tan Leather,premium audio | head-up display | adaptive cruise | panoramic roof | 360 camera | ventilated seats,Stonebrook,43,True,1,14,61,698
STK-100214,2026,Aster,Vela,Tech,Midsize SUV,Used,46718,14151,Gasoline,27,,290,True,7,41.2,Forest Green,Charcoal Vegan Leather,360 camera | adaptive cruise | heated seats | ventilated seats | head-up display,Stonebrook,48,True,1,56,33,0
STK-100215,2026,Drift,Pulse,Sport,Electric Hatchback,Used,38283,10821,Electric,,246,226,False,5,23.0,Sandstone,Gray Cloth,head-up display | heated seats,Northpoint,13,False,2,52,71,892
STK-100216,2023,Brio,Arc,Core,Sport Sedan,Used,28996,31665,Gasoline,31,,310,False,5,14.1,Silver Mist,Charcoal Vegan Leather,lane centering | panoramic roof | head-up display | wireless phone integration | premium audio,Pine Ridge,37,True,3,12,38,0
STK-100217,2022,Cinder,Terra,Premium,Adventure SUV,Used,32263,31439,Gasoline,23,,340,True,5,36.8,Forest Green,Gray Cloth,head-up display | wireless phone integration | premium audio | tow package,Lakeview,13,True,1,0,23,0
STK-100218,2023,Cinder,Solis,Premium,Electric Crossover,Used,33981,27478,Electric,,304,285,True,5,32.6,Graphite,Charcoal Vegan Leather,lane centering | wireless phone integration | panoramic roof | adaptive cruise | head-up display,Stonebrook,50,False,1,10,86,2227
STK-100219,2026,Cinder,Terra,Tech,Adventure SUV,New,51498,0,Gasoline,23,,335,True,5,36.8,Crimson,Gray Cloth,head-up display | lane centering | ventilated seats,Westhaven,25,True,0,48,96,1558
STK-100220,2023,Cinder,Terra,Core,Adventure SUV,Used,33133,33580,Gasoline,23,,330,True,5,36.8,Sandstone,Charcoal Vegan Leather,adaptive cruise | wireless phone integration | ventilated seats,Westhaven,26,True,2,18,57,617
STK-100221,2023,Cinder,Solis,Premium,Electric Crossover,Used,35710,24572,Electric,,304,285,False,5,32.6,Glacier White,Gray Cloth,heated seats | 360 camera | head-up display | lane centering | premium audio | wireless phone integration,Lakeview,14,True,1,10,72,1318
STK-100222,2025,Aster,Lumen,Touring,Compact SUV,Used,34796,5371,Hybrid,42,,196,True,5,29.4,Midnight Blue,Gray Cloth,lane centering | premium audio | adaptive cruise | head-up display,Stonebrook,40,True,3,38,67,470
STK-100223,2026,Drift,Pulse,Touring,Electric Hatchback,New,35198,0,Electric,,246,201,False,5,23.0,Midnight Blue,Tan Leather,wireless phone integration | ventilated seats | head-up display | premium audio,Westhaven,23,True,0,48,2,0
STK-100224,2021,Brio,Nova,Core,Compact Sedan,Used,14128,43010,Hybrid,49,,178,False,5,15.8,Glacier White,Tan Leather,adaptive cruise | lane centering | premium audio | wireless phone integration | panoramic roof,Pine Ridge,31,True,1,0,84,1386
STK-100225,2026,Aster,Vela,Core,Midsize SUV,Used,42459,8351,Gasoline,27,,285,True,7,41.2,Crimson,Black Cloth,panoramic roof | 360 camera | ventilated seats | wireless phone integration,Lakeview,20,True,2,56,56,493
STK-100226,2026,Brio,Arc,Touring,Sport Sedan,Used,41828,11084,Gasoline,31,,310,False,5,14.1,Graphite,Black Cloth,head-up display | ventilated seats | wireless phone integration,Westhaven,26,True,1,51,56,336
STK-100227,2024,Aster,Vela,Premium,Midsize SUV,Used,37289,13186,Gasoline,27,,295,True,7,41.2,Graphite,Black Leather,premium audio | lane centering | 360 camera,Northpoint,14,True,1,25,12,0
STK-100228,2024,Aster,Lumen,Sport,Compact SUV,Used,29811,15087,Hybrid,42,,221,True,5,29.4,Forest Green,Black Leather,wireless phone integration | premium audio | adaptive cruise | head-up display,Stonebrook,44,True,1,29,74,1058
STK-100229,2025,Aster,Vela,Tech,Midsize SUV,Used,38068,8872,Gasoline,27,,290,True,7,41.2,Forest Green,Black Cloth,heated seats | head-up display | ventilated seats | wireless phone integration,Lakeview,16,True,1,37,103,2845
STK-100230,2024,Drift,Summit,Tech,Luxury SUV,Used,49017,25357,Plug-in Hybrid,36,42,370,True,5,38.5,Graphite,Black Leather,premium audio | head-up display | heated seats | lane centering | panoramic roof | 360 camera,Northpoint,6,True,1,22,25,0
STK-100231,2023,Cinder,Terra,Tech,Adventure SUV,Used,36236,31094,Gasoline,23,,335,True,5,36.8,Graphite,Charcoal Vegan Leather,premium audio | ventilated seats | lane centering,Pine Ridge,29,True,1,20,108,2657
STK-100232,2022,Cinder,Solis,Tech,Electric Crossover,Used,29750,30955,Electric,,304,280,False,5,32.6,Crimson,Black Cloth,heated seats | 360 camera | wireless phone integration,Pine Ridge,35,True,1,0,94,2160
STK-100233,2022,Aster,Lumen,Premium,Compact SUV,Used,22761,29184,Hybrid,42,,206,True,5,29.4,Silver Mist,Charcoal Vegan Leather,adaptive cruise | lane centering | wireless phone integration,Pine Ridge,36,True,2,5,47,101
STK-100234,2026,Cinder,Terra,Core,Adventure SUV,New,45482,0,Gasoline,23,,330,True,5,36.8,Forest Green,Gray Cloth,lane centering | heated seats | tow package | 360 camera,Lakeview,19,True,0,48,23,0
STK-100235,2023,Brio,Arc,Sport,Sport Sedan,Used,30630,30923,Gasoline,31,,335,False,5,14.1,Silver Mist,Black Leather,wireless phone integration | premium audio | ventilated seats,Pine Ridge,30,True,1,9,102,2864
STK-100236,2021,Aster,Lumen,Tech,Compact SUV,Used,22828,44410,Hybrid,42,,201,True,5,29.4,Midnight Blue,Gray Cloth,head-up display | lane centering | heated seats | ventilated seats | premium audio,Westhaven,29,True,1,0,107,1553
STK-100237,2024,Brio,Nova,Tech,Compact Sedan,Used,26160,26734,Hybrid,49,,183,False,5,15.8,Glacier White,Charcoal Vegan Leather,lane centering | heated seats,Pine Ridge,36,True,1,23,36,0
STK-100238,2024,Cinder,Solis,Core,Electric Crossover,Used,34002,13385,Electric,,304,275,False,5,32.6,Midnight Blue,Charcoal Vegan Leather,head-up display | lane centering,Westhaven,29,True,1,24,53,133
STK-100239,2026,Brio,Arc,Premium,Sport Sedan,New,45571,0,Gasoline,31,,320,False,5,14.1,Crimson,Tan Leather,wireless phone integration | heated seats | panoramic roof | head-up display,Lakeview,10,True,0,48,73,1480
